,adult,backdrop_path,genre_ids,id,title,original_language,original_title,overview,popularity,poster_path,release_date,softcore,video,vote_average,vote_count
0,False,/RMXG8myu1aGlNUsRjtxzmpdMK0.jpg,"[12, 28, 14]",1368337,The Odyssey,en,The Odyssey,"Odysseus, the legendary King of Ithaca, embarks on a long and perilous journey home following the Trojan War. Throughout his voyage, he is forced to confront the whims of gods, mythological monsters, and trials that stretch both his cunning and his humanity to the breaking point.",1049.7104,/5rhTDKUhPYvpdQIijFIs5VoWsON.jpg,2026-07-15,False,False,7.966,1547
1,False,/pW4Ah1A6SgZNQNmf5AgiIYPzFHF.jpg,"[878, 53]",1275779,Disclosure Day,en,Disclosure Day,"A cybersecurity expert becomes a whistleblower after uncovering secrets about aliens, putting him on the run from a corporation. Meanwhile, a meteorologist experiencing strange phenomena joins forces with him to prove there's life beyond our understanding.",596.4318,/AnJ8IQJI23hNpYXVNaythu061Ru.jpg,2026-06-10,False,False,7.382,1826
2,False,/piV2OnzTZCyGBP9JCjlHIgKGlfo.jpg,"[28, 14, 878]",454639,Masters of the Universe,en,Masters of the Universe,"After being separated for 15 years, the Sword of Power leads Prince Adam back to Eternia, where he discovers his home shattered under the fiendish rule of Skeletor. To save his family and his world, Adam must join forces with his closest allies, Teela and Duncan/Man-At-Arms, and embrace his true destiny as He-Man — the most powerful man in the universe.",539.6908,/oRuyGUHdoaQxWP3SDfafGkStxTC.jpg,2026-06-03,False,False,7.345,1140
3,False,/c6BPbkO5Npt1OdwttAxCFo06wtH.jpg,"[10751, 14, 35, 12]",1108427,Moana,en,Moana,"Teenage Moana answers the Ocean's call and, for the first time, voyages beyond the reef of her island of Motunui with infamous demigod Maui on an unforgettable journey to restore prosperity to her people.",519.3627,/zKVgiv5qHCvCLT4A2ymJi5QeXDH.jpg,2026-07-08,False,False,5.9,145
4,False,/r013C8Me2bZ0pUi0OWJRh0h7MzT.jpg,"[27, 53]",1339713,Obsession,en,Obsession,"After breaking the mysterious ""One Wish Willow"" to win his crush's heart, a hopeless romantic finds himself getting exactly what he asked for but soon discovers that some desires come at a dark, sinister price.",401.1034,/bRwnj8WEKBCvmfeUNOukJPwB43K.jpg,2026-05-13,False,False,8.3,3753
5,False,/cbyslfazMuDUGt4W6QcO3cKq8xj.jpg,"[28, 12, 878]",1081003,Supergirl,en,Supergirl,"When an unexpected and ruthless adversary strikes too close to home, Kara Zor-El, aka Supergirl, reluctantly joins forces with an unlikely companion on an epic, interstellar journey of vengeance and justice.",387.3581,/niSvU02l2BONH9ivubV6K1a5QiK.jpg,2026-06-24,False,False,6.266,559
6,False,/dqmMWNWfLnExDRpMtIMqI97GQFR.jpg,"[27, 9648, 878]",1083381,Backrooms,en,Backrooms,A strange doorway appears in the basement of a furniture showroom.,377.6653,/rhGx6E3qRNMgj3i5su2oukNHwIQ.jpg,2026-05-27,False,False,7.075,2147
7,False,/qjTqY5coNiz6sVtPng40IzltsoN.jpg,"[16, 10751, 35, 12]",1084244,Toy Story 5,en,Toy Story 5,"When Bonnie receives a Lilypad tablet as a gift and becomes obsessed, Buzz, Woody, Jessie and the rest of the gang's jobs become exponentially harder when they have to go head to head with the all-new threat to playtime.",343.6461,/sfQtVlIHljToOwYjhe21KPGzZWK.jpg,2026-06-17,False,False,7.421,705
8,False,/kkcwhgSFd81QDlXo8ytrpHPQjhy.jpg,"[12, 16, 35, 10751, 14]",1315772,Minions & Monsters,en,Minions & Monsters,"This is the rambunctious, ridiculous and totally true story of how the Minions conquered Hollywood, became movie stars, lost everything, unleashed monsters onto the world and then banded together to try and save the planet from the mayhem they had just created.",326.3002,/nz7i42yhLIJ4ve9JKgM6NthoLHO.jpg,2026-06-24,False,False,6.428,235
9,False,/xWBiXclrRmTggQHMRsIn84YHavs.jpg,[35],1273221,Scary Movie,en,Scary Movie,"Twenty-six years after outrunning a suspiciously familiar masked killer, the Core Four are back in the killer's crosshairs and no horror movie IP is safe.",285.9608,/znHT8peERZRWG1ME3r0Db0EV8k8.jpg,2026-06-03,False,False,6.5,1162
10,False,/oBter8Y5p2ZFUwWgQ1T9pulGFTJ.jpg,"[9648, 18]",1668364,Desire,es,Deseo,"Lucero’s life appears immaculate: a wealthy household, a devoted husband, and two children who embody the promise of a perfect family. Yet beneath this surface simmers a quiet dissatisfaction. When Matías, a young swimming coach hired by her husband, enters their lives, Lucero finds herself pulled into a risky and consuming relationship. As secrecy, desire, and jealousy tighten their grip, the boundaries within the family begin to collapse, placing mother and daughter in a dangerous emotional triangle that threatens to shatter everything Lucero has built.",241.7979,/3bEqHqeaQlFykaLQ7N4gDkIvL5w.jpg,2026-05-07,False,False,7.0,120
11,False,/wPSOPYy2fV62GjeXpVdKyweZGZu.jpg,[53],1727780,Borderline,en,Borderline,"Convinced they are our secret saviors, rogue U.S. operatives abduct Mexican gang members and seed them across major American cities, unleashing criminal chaos, swaying voters by playing on nativist prejudices, and forcing law enforcement into a race to expose the plot as the escalating carnage threatens democracy itself.",268.2932,/sAA2mjpYJFAKydtzG4P4aHC4mZk.jpg,2026-07-17,False,False,7.7,3
12,False,/ezbrL1dMymKQZw7mDEWa2ZTzN7d.jpg,"[16, 28, 12, 14]",980431,Avatar Aang: The Last Airbender,en,Avatar Aang: The Last Airbender,"Avatar Aang, the world's last Airbender, learns of an ancient power that could save his culture from extinction. With the help of his friends, he embarks on a global quest to find it before it falls into the wrong hands and threatens to upend the peace they sacrificed everything to achieve.",236.1374,/3sgnSfNT27Bx5O5ukr7B26mhEQq.jpg,2026-07-24,False,False,9.367,256
13,False,/ysLlsAxwgNSxBWHCgTKJrmjxpRQ.jpg,"[28, 12, 878]",1228710,The Mandalorian and Grogu,en,The Mandalorian and Grogu,"The evil Empire has fallen, and Imperial warlords remain scattered throughout the galaxy. As the fledgling New Republic works to protect everything the Rebellion fought for, they have enlisted the help of legendary Mandalorian bounty hunter Din Djarin and his young apprentice Grogu.",228.3475,/7GV5rrUJf0BRUhoh2cyFoeNthlQ.jpg,2026-05-20,False,False,7.3,940
14,False,/dk68ykaNd3HdrDJyPJqEGsgvag7.jpg,"[28, 53, 80]",1630409,The Debt Collector,th,คนเดือดทวงแค้น,"Tormented by past mistakes and a terminal diagnosis, an ex-debt collector returns to the underworld to protect the victims of a violent organization.",214.3933,/7HEMg4ZonD0YIcztf1Sp199cBb9.jpg,2026-07-20,False,False,6.8,14
15,False,/vjMvFSmGUxEtqVdaZgvFee9XkZl.jpg,"[878, 28, 12]",969681,Spider-Man: Brand New Day,en,Spider-Man: Brand New Day,Fighting crime full-time as Spider-Man in a world that doesn't remember him—and the pressure of seeing his old friends move on without him—sparks a change in Peter Parker he may not have the power to control. But that transformation might also be the only thing that can stop a shocking new threat to the city and those he loves - a powerful villain no one can even see.,211.9043,/6Q21yptoOCUq4ErwVncesLPVplb.jpg,2026-07-28,False,False,9.1,14
16,False,/8Tfys3mDZVp4tNoH2ktm06a0Tau.jpg,"[878, 12]",687163,Project Hail Mary,en,Project Hail Mary,"Science teacher Ryland Grace wakes up on a spaceship light years from home with no recollection of who he is or how he got there. As his memory returns, he begins to uncover his mission: solve the riddle of the mysterious substance causing the sun to die out. He must call on his scientific knowledge and unorthodox ideas to save everything on Earth from extinction.",201.2387,/yihdXomYb5kTeSivtFndMy5iDmf.jpg,2026-03-15,False,False,8.659,6485
17,False,/aM3pduSU53VjcALWOfLWNw8v2TI.jpg,"[12, 18, 53, 28]",1284465,The Death of Robin Hood,en,The Death of Robin Hood,"Grappling with his past after a life of crime and murder, Robin Hood finds himself gravely injured after a battle he thought would be his last. In the hands of a mysterious woman, he is offered a chance at salvation.",251.1055,/13MmRwmG5NmaMfU8qNrtgGXisiD.jpg,2026-06-18,False,False,6.677,110
18,False,/1x9e0qWonw634NhIsRdvnneeqvN.jpg,[10749],1523145,Your Heart Will Be Broken,ru,Твоё сердце будет разбито,"High school student Polina is saved from bullying at her new school and makes a deal with the main bully Bars: he must pretend to be her boyfriend and protect her, and she must do everything he says. During this game, the couple develops real feelings, but her family and classmates have reasons to separate the lovers.",170.5266,/7wIBfBl2gejt6xHxNSK0reVIm7E.jpg,2026-03-26,False,False,7.127,118
19,False,/idRLKyu43mRhMWNjzd6FiEromNI.jpg,"[14, 10751, 10770, 12]",1318621,Descendants: Wicked Wonderland,en,Descendants: Wicked Wonderland,"Now that the Queen of Hearts is nice and Cinderella is safe, things seem perfect for Red and Chloe… But little do they know that changing the past created a new villain — Maddox Hatter. When Maddox captures the Queen of Hearts, Red and Chloe must work alongside Red’s new sister Pink, Luisa Madrigal’s son Luis, and Maddox’s son Max to save her and Wonderland.",154.4789,/xdhLAADGSse8KCrsDLBuM5b68Cg.jpg,2026-07-16,False,False,7.609,110
20,False,/oV472EbPedkc5QzqolGc7sCgCnn.jpg,"[27, 28, 53]",1110034,Kraken,no,Kraken,"A marine biologist is doing research on a fish farm when she encounters several strange occurrences. Along with the brutal deaths of two teenagers, all signs point to the deep fjord; can there be more to the depths than the eye can see?",182.0052,/xdZ8k5s8DTwWyPBMIcflrYLgcAK.jpg,2026-02-06,False,False,6.357,237
21,False,/szKv713FcUXx6hcfdY369vtkmzr.jpg,"[27, 53]",1127384,Deep Water,en,Deep Water,A group of international passengers on a flight from Los Angeles to Shanghai is forced to make an emergency landing in shark-infested waters. The terrified group is forced to work together and overcome their differences if they hope to escape their sinking plane and the frenzy of sharks drawn to the wreckage.,167.7142,/kjcuS7xaRyqRjVaVcH4t0qHshuX.jpg,2026-04-30,False,False,7.3,301
22,False,/Af907x5h9W1wVis8XrSd7ynTWuy.jpg,"[35, 18]",1314481,The Devil Wears Prada 2,en,The Devil Wears Prada 2,"Andy Sachs returns to Runway as Miranda Priestly navigates a new media landscape and Runway's position within. The duo reconnect with former assistant Emily Charlton, now the head of a luxury brand that possesses funding which could ensure Runway's survival.",161.7348,/fCAURTUx3YfsJ8k9I0UamjSILiR.jpg,2026-04-29,False,False,7.158,1686
23,False,/jDvxsBemt2Iyslg7qn2WMzgxz23.jpg,"[28, 27, 878]",1375646,Colony,ko,군체,"Professor Se-jeong is thrust into a bloody nightmare when a rapidly mutating virus is released during a biotech conference causing authorities to seal the facility. Trapped inside with no escape, Se-jeong along with a small group of survivors must fight to stay alive while the infected undergo horrific transformations.",145.6834,/wAPqslbwPX8AdMQvYSxgqnEk4hp.jpg,2026-05-21,False,False,7.942,207
24,False,/py9wIg0AyUmgXvuDeNuP8OgIVFu.jpg,"[18, 10749]",200066,The Sparrow's Fluttering,it,Il frullo del passero,"A woman, who has been the mistress of a man who has just died, thinks about leaving the little Italian village where they lived and moving to another place. An old and rich man offers her a place in his house, however, she will have to listen to him telling his past love stories.",153.8451,/8Q5INiyhPf7QxCIcXFWF8QXLPuN.jpg,1988-01-01,False,False,4.167,12
25,False,/4EAAwpylq313qrDqpCxulUrXBNF.jpg,"[28, 14, 12]",931285,Mortal Kombat II,en,Mortal Kombat II,"The fan favorite champions—now joined by Johnny Cage himself—are pitted against one another in the ultimate, no-holds barred, gory battle to defeat the dark rule of Shao Kahn that threatens the very existence of the Earthrealm and its defenders.",130.7601,/hwRdDFIhaEmpRgoki805YvyyjZf.jpg,2026-05-06,False,False,7.953,2156
26,False,/o5bRLCNBmWBCBluFlOLUgivdONs.jpg,"[18, 10749]",47612,Au Bonheur des Dames,fr,Au Bonheur des Dames,"Denise, an orphaned girl, moves to Paris where she hopes to find work at her uncle's store. But the glamorous department store 'Aux Bonheur des Dames' across the street crushes all the little businesses around. She finds a position there.",97.5492,/sVFvFFEMRJ1eUzD6nbYLSqwHi0d.jpg,1930-07-03,False,False,6.3,36
27,False,/9XwQphZxNJgGASfjL58mhIkJJpf.jpg,"[28, 80, 53]",1280738,The Furious,zh,火遮眼,"After a criminal network kidnaps Wang Wei's daughter and the corrupt police refuse to assist him, Wei sets out on his own to locate her. Navin, a tenacious journalist whose wife has mysteriously vanished, is his only ally. In this explosive martial arts showdown, the unlikely duo fights the kidnappers ruthlessly driven by a furious vengeance.",106.5886,/zP19YO60jwEsfKd5Qf1UvA5uJu8.jpg,2026-06-10,False,False,7.339,252
28,False,/zfbjgQE1uSd9wiPTX4VzsLi0rGG.jpg,"[18, 80]",278,The Shawshank Redemption,en,The Shawshank Redemption,"Imprisoned in the 1940s for the double murder of his wife and her lover, upstanding banker Andy Dufresne begins a new life at the Shawshank prison, where he puts his accounting skills to work for an amoral warden. During his long stretch in prison, Dufresne comes to be admired by the other inmates -- including an older prisoner named Red -- for his integrity and unquenchable sense of hope.",99.7554,/9cqNxx0GxF0bflZmeSMuL5tnGzr.jpg,1994-09-23,False,False,8.726,30854
29,False,/vL5LR6WdxWPjLPFRLe133jXWsh5.jpg,"[28, 878, 12]",19995,Avatar,en,Avatar,"In the 22nd century, a paraplegic Marine is dispatched to the moon Pandora on a unique mission, but becomes torn between following orders and protecting an alien civilization.",62.8221,/gKY6q7SjCkAU6FqvqWybDYgUKIF.jpg,2009-12-16,False,False,7.61,34281
30,False,/hL5EIk48251OXlbIbRJq3yaBHk8.jpg,"[35, 80]",949838,72 HOURS,en,72 HOURS,"To save his career, a 40-year-old ad exec joins a crew of twentysomethings for a wild Miami bachelor party after they mistakenly add him to a group chat.",109.6598,/9Bu1PW2R1XayqRqnl0aDOgMcrdS.jpg,2026-07-20,False,False,6.6,121
31,False,/3pDfu71mrzSuFYyIfnKEjt8z4BC.jpg,"[27, 53]",1368314,Passenger,en,Passenger,"After a young couple witnesses a gruesome highway accident, they soon realize they did not leave the crash scene alone, as a demonic presence called the Passenger that won't stop until it claims them both turns their van life adventure into a nightmare.",106.3277,/2sOEJzhPzjTkZSlPbGxOJ7xgIyS.jpg,2026-05-20,False,False,7.283,591
32,False,/sdZSjtGUTSN8B3al5o0f2WoQfQQ.jpg,"[878, 12, 14]",83533,Avatar: Fire and Ash,en,Avatar: Fire and Ash,"In the wake of the devastating war against the RDA and the loss of their eldest son, Jake Sully and Neytiri face a new threat on Pandora: the Ash People, a violent and power-hungry Na'vi tribe led by the ruthless Varang. Jake's family must fight for their survival and the future of Pandora in a conflict that pushes them to their emotional and physical limits.",114.7511,/bRBeSHfGHwkEpImlhxPmOcUsaeg.jpg,2025-12-17,False,False,7.639,3943
33,False,/6KDDoTq8Vq3HuQHULzuvPiCJbMI.jpg,"[878, 28, 12]",1003596,Avengers: Doomsday,en,Avengers: Doomsday,Beloved heroes from three distinct universes are set on a deadly collision course and face an existential threat unlike anything they've ever encountered.,108.2572,/cWXtJhrlruF8CeYuaBGE8vdj3Q9.jpg,2026-12-16,False,False,0.0,0
34,False,/gsq4670nadz8Xc5GJ3osNiP3UzS.jpg,[18],64439,A Flame in My Heart,fr,Une flamme dans mon cœur,"Mércedès, an actress from Paris attempts to break off a difficult relationship with the jealous and possessive stalker Johnny. She meets newspaper writer Pierre and goes with him for an afternoon fling. Before the sweat even dries, she finds herself hopelessly in love with him. But soon after their affair begins, he is called off on a business trip leaving the suddenly distraught Mércedès alone. Though preparing for a new play, she is unable to concentrate and barely able to function. Mércedès quits the production, locks herself in Pierre's apartment and quietly begins falling apart, collapsing into a bleak, reclusive madness until his return.",83.7154,/qI2cTls7msoXF4wIqju7klqiZ6Y.jpg,1987-06-03,False,False,6.071,14
35,False,/ufSwlnECLoUbBjPrFqEQcWBzHwc.jpg,"[10402, 18]",936075,Michael,en,Michael,"The story of Michael Jackson, one of the most influential artists the world has ever known, and his life beyond the music. His journey from the discovery of his extraordinary talent as the lead of the Jackson Five, to the visionary artist whose creative ambition fueled a relentless pursuit to become the biggest entertainer in the world, highlighting both his life off-stage and some of the most iconic performances from his early solo career.",130.0099,/zm0KAbOjlt9eR5y7vDiL2dEOwMl.jpg,2026-04-22,False,False,8.695,3730
36,False,/zD5v1E4joAzFvmAEytt7fM3ivyT.jpg,"[28, 12, 878]",634649,Spider-Man: No Way Home,en,Spider-Man: No Way Home,"Peter Parker is unmasked and no longer able to separate his normal life from the high-stakes of being a super-hero. When he asks for help from Doctor Strange the stakes become even more dangerous, forcing him to discover what it truly means to be Spider-Man.",115.7729,/1g0dhYtq4irTY1GPXvft6k4YLjm.jpg,2021-12-15,False,False,7.935,22315
37,False,/xugEpZk9YQ0DIz1aFvH5HGkqpZK.jpg,"[27, 9648]",1304313,Lee Cronin's The Mummy,en,Lee Cronin's The Mummy,"The young daughter of a journalist disappears into the desert without a trace—eight years later, the broken family is shocked when she is returned to them, as what should be a joyful reunion turns into a living nightmare.",107.1611,/1q308iixueCU4pFtSYugNOevtNx.jpg,2026-04-15,False,False,7.956,2365
38,False,/kxQiIJ4gVcD3K6o14MJ72p5yRcE.jpg,"[10751, 35, 12, 14, 16]",1226863,The Super Mario Galaxy Movie,en,The Super Mario Galaxy Movie,"Having thwarted Bowser's previous plot to marry Princess Peach, Mario and Luigi now face a fresh threat in Bowser Jr., who is determined to liberate his father from captivity and restore the family legacy. Alongside companions new and old, the brothers travel across the stars to stop the young heir's crusade.",102.0657,/eJGWx219ZcEMVQJhAgMiqo8tYY.jpg,2026-04-01,False,False,8.262,3229
39,False,/qJ2KSHJhlFvASBMLbGuP7OFMaFg.jpg,"[53, 28, 80]",1413976,Citizen Vigilante,en,Citizen Vigilante,"A man takes justice into his own hands, hunting down criminals. His vigilante crusade makes him a social media star but puts him at odds with the local police chief.",95.0373,/6LmJD3Wohe0g4U62wgi7RyJqfE4.jpg,2026-06-19,False,False,6.384,280
40,False,/l3qnMiVwuWxBikOpBcYpUHKUBdN.jpg,"[27, 37, 53, 28]",1443894,Forgive Us All,en,Forgive Us All,"In a post-apocalyptic world, a virus has transformed humans into violently deranged cannibals. A bereaved mother has lost everything and takes refuge in an isolated mountain cabin, until a desperate wounded stranger arrives with a story of hope.",92.0701,/bT7sMDsvWNeIGgZ6ZsisNdBcHdq.jpg,2025-05-08,False,False,5.489,44
41,False,/v3lNH2gCojWYXVuXcT9FZLBxcSq.jpg,"[28, 18]",1235877,Jana Nayagan,ta,ஜன நாயகன்,"A clash of ideologies. One stands for the people, the other feeds on control. Their paths collided once before. Years later, a child’s silent fear ignites the past, drawing a former police officer into a battle far bigger than personal revenge.",91.0798,/jt8pfSIdi47YpFMMWVRr8w5u2S0.jpg,2026-07-22,False,False,6.7,7
42,False,/1RgPyOhN4DRs225BGTlHJqCudII.jpg,"[16, 28, 14]",1311031,Demon Slayer: Kimetsu no Yaiba Infinity Castle,ja,劇場版「鬼滅の刃」無限城編 第一章 猗窩座再来,"The Demon Slayer Corps are drawn into the Infinity Castle, where Tanjiro, Nezuko, and the Hashira face terrifying Upper Rank demons in a desperate fight as the final battle against Muzan Kibutsuji begins.",89.5574,/fWVSwgjpT2D78VUh6X8UBd2rorW.jpg,2025-07-18,False,False,7.752,914
43,False,/tJQhL95q63ITeBy5OTGPx51sFks.jpg,[35],1361774,The Dink,en,The Dink,"Desperate to save a struggling country club and earn his father's respect, a washed-up tennis pro is compelled to break a sacred vow and do the unthinkable: play pickleball.",75.0623,/8dq7vaUkXPqwqKxBFW4qJNBWeop.jpg,2026-07-23,False,False,6.298,42
44,False,/5XZqtQNB3XAnn7kFgU0XsSHbevV.jpg,[18],1728704,Siping,tl,Siping,A gripping story about a woman wagered in a high-stakes card game. But the stakes get even hotter when she’s won by the man who’s long been obsessed with her.,82.5357,/wNzRyplxryB8s6jb8Be5dYAKZb5.jpg,2026-07-10,False,False,4.0,2
45,False,,[],261639,Affair at the Nuns' Temple: Paradise Sex,ja,尼寺の情事　極楽ＳＥＸ,Japanese nunsplitation movie from 1998,60.2197,/nth8G0m835nk1xWsV6Ga95FT2na.jpg,1998-02-06,False,False,3.4,5
46,False,/yjK3ardrgdS8suZG8KMU82Q7U38.jpg,[10749],1285366,Shape of My Heart,ja,愛のぬくもり,"A romance about a man and a woman who, due to an unexpected event, end up switching bodies. Despite coming from completely different backgrounds and environments, the two try to overcome the various difficulties that arise from their body swap.",76.8164,/3r0O6BW9USoZ9mteCVyNKMQriRL.jpg,2024-07-06,False,False,6.25,4
47,False,/5XNQBqnBwPA9yT0jZ0p3s8bbLh0.jpg,"[12, 18, 878]",157336,Interstellar,en,Interstellar,The adventures of a group of explorers who make use of a newly discovered wormhole to surpass the limitations on human space travel and conquer the vast distances involved in an interstellar voyage.,78.7607,/yQvGrMoipbRoddT0ZR8tPoR7NfX.jpg,2014-11-05,False,False,8.483,40450
48,False,/rHnANzYUmV3WZw3n0yWOLiR3pen.jpg,"[53, 80]",976912,Graphic Desires,en,Graphic Desires,"When reclusive Franklin cheats on his partner with a mysterious girl he meets on a dating app, it becomes the start of a deadly obsession.",75.5959,/3BjLdTWRiHc1ISIZMFvToOmghOM.jpg,2023-08-31,False,False,7.092,131
49,False,/zMwhWailP1WY7sb6AoE6b8ugoy.jpg,"[12, 16, 10751, 14]",1007757,Swapped,en,Swapped,"A small woodland creature and a majestic bird, two natural sworn enemies of the Valley, magically trade places and set off on an adventure of a lifetime to switch back. Their journey soon uncovers a greater threat—one that could endanger not only their species, but the entire valley they call home.",71.2324,/tHhxWxge06goXU6ZQH1hj7vK8Hd.jpg,2026-05-01,False,False,8.9,2005
50,False,/J1UgJwRxDQS92kw75KgeVFZMHf.jpg,"[18, 35, 28]",1491920,Kung Fu Soccer,zh,功夫女足,"The ""Supreme Invincible Cup"" is about to begin, and a host of top teams are about to engage in an unprecedented showdown! But the Kung Fu Women's Soccer Team has been dealt a hellish script right from the start?! Their opponents are all highly skilled, and external pressure is mounting. The schemes on the field are one after another... Can they use their kung fu to turn the tide on the green field?",66.3909,/6QgJQrClh9ej357yzLWgCxrjAmJ.jpg,2026-07-11,False,False,6.267,15
51,False,/qO55CD8tgVL1T4WKn6zYFFiD6lL.jpg,"[28, 18, 80]",1439930,The Punisher: One Last Kill,en,The Punisher: One Last Kill,"As Frank Castle searches for meaning beyond revenge, an unexpected force pulls him back into the fight.",67.8639,/qQclTgLMDvGBuUBFGHRipxkEwWR.jpg,2026-05-12,False,False,8.314,1925
52,False,/qaMQOtAZ6K4RneNDa1yDlJv1V6J.jpg,"[53, 27]",1430698,The Bay,en,The Bay,"Best friends Emma and Lani, attending a destination wedding in Thailand, find themselves trapped on a sinking tour boat in the heart of a tiger shark sanctuary.",78.7012,/6F1UlF8YCtSDAoTpPY7WIkpm9sw.jpg,2026-07-02,False,False,6.0,9
53,False,/nHxWyy18SvAZ8jJeemtS8k1UNjM.jpg,"[28, 80, 53]",1290821,Shelter,en,Shelter,"A man living in self-imposed exile on a remote island rescues a young girl from a violent storm, setting off a chain of events that forces him out of seclusion to protect her from enemies tied to his past.",73.3249,/buPFnHZ3xQy6vZEHxbHgL1Pc6CR.jpg,2026-01-28,False,False,7.768,1573
54,False,/98uiDns59GUw26SQSCFmuSHTki3.jpg,"[10749, 18]",1595852,Boulevard,es,Boulevard,"New city, new life, and an unexpected encounter with Luke-a boy fueled by adrenaline and haunted by demons. Despite the warnings, Hasley can't stay away. In their 'boulevard,' they find a raw, liberating love. But as his past threatens to destroy them both, Hasley faces a heartbreaking choice: can you save someone who isn't ready to be rescued?",62.0562,/hAKOp4AHaDiVdDMlobMNCNgJVD7.jpg,2026-04-10,False,False,7.55,141
55,False,/ce0RjYfcgzQeiT3PjaARWv5PVQO.jpg,"[27, 53, 878]",1321008,Black Box,en,Black Box,"A routine domestic flight turns into the flight from hell through a series of inexplicable phenomena and raw terror. Surreal encounters blur the boundaries between reality and nightmare. Passengers fight against all the odds in an attempt to survive while combating bizarre technological malfunctions, accelerating supernatural events and alien influences.",61.723,/O7vJPEWsnLrKqPYHIHKG8zlEK1.jpg,2026-06-25,False,False,6.288,52
56,False,/5rFN70d7gTxJIGW3n833fTkI1xG.jpg,[35],151024,The Soldier with Great Maneuvers,it,La soldatessa alle grandi manovre,Doctor Eva Marini takes up a position at an army base to investigate the sexual behavior of the Italian male soldier and soon finds out she's taken on more than she bargained for.,72.2144,/zWGFtuDT5B10Km0jrIhOX8kDeac.jpg,1978-12-07,False,False,4.967,46
57,False,/4BtL2vvEufDXDP4u6xQjjQ1Y2aT.jpg,"[28, 80, 18, 53]",1419406,The Shadow's Edge,zh,捕风追影,Macau Police brings the tracking expert police officer out of retirement to help catch a dangerous group of professional thieves.,66.5568,/cHKo3m8N1fwvEy2ZEr0xGmmMODV.jpg,2025-08-16,False,False,7.903,1023
58,False,/u53UYu5XG2hNgWGvs3xGhAVzypl.jpg,"[12, 16, 35, 10751, 878]",1327819,Hoppers,en,Hoppers,"Scientists have discovered how to 'hop' human consciousness into lifelike robotic animals, allowing people to communicate with animals as animals. Animal lover Mabel seizes an opportunity to use the technology, uncovering mysteries within the animal world beyond anything she could have imagined.",67.7879,/xjtWQ2CL1mpmMNwuU5HeS4Iuwuu.jpg,2026-03-04,False,False,8.191,2028
59,False,/jvpkBenB6hv19WWYVlaiow8zklq.jpg,"[10751, 35, 80, 12, 16]",1175942,The Bad Guys 2,en,The Bad Guys 2,"The now-reformed Bad Guys are trying (very, very hard) to be good, but instead find themselves hijacked into a high-stakes, globe-trotting heist, masterminded by a new team of criminals they never saw coming: The Bad Girls.",59.9764,/26oSPnq0ct59l07QOXZKyzsiRtN.jpg,2025-07-24,False,False,7.631,833
60,False,,[18],585534,Morning Moon Is Cruel,ja,モーニング・ムーンは粗雑に,"A small-time gofer gets his dream car while running hush money for his boss's counterfeit empire, picks up a jilted singer at the airport along the way, and ends up the last man standing in everyone's love life but his own.",70.1082,/ogRSqsyiiQOxPXQR6y2WUMwcMb8.jpg,1981-06-21,False,False,4.3,3
61,False,/8ZTVqvKDQ8emSGUEMjsS4yHAwrp.jpg,"[28, 878, 12]",27205,Inception,en,Inception,"Cobb, a skilled thief who commits corporate espionage by infiltrating the subconscious of his targets is offered a chance to regain his old life as payment for a task considered to be impossible: ""inception"", the implantation of another person's idea into a target's subconscious.",66.4891,/xlaY2zyzMfkhk0HSC5VUwzoZPU1.jpg,2010-07-15,False,False,8.372,39655
62,False,/a8uQvrplTkhGJQog6GZ6CqF8An6.jpg,"[35, 10751, 9648]",1301421,The Sheep Detectives,en,The Sheep Detectives,"George Hardy is a shepherd who reads detective novels to his beloved sheep every night, assuming they can't possibly understand. But when a mysterious incident disrupts life on the farm, the sheep realize they must become the detectives. As they follow the clues and investigate human suspects, they prove that even sheep can be brilliant crime-solvers.",63.526,/mGWOmj2jHFol3kOGNv1EhbSDDE1.jpg,2026-04-30,False,False,7.912,1176
63,False,/uLu8zcwmR7qjkkF3zkScm6Sjh2v.jpg,[18],5721,Vixen!,en,Vixen!,"In a Canadian mountain resort, Vixen Palmer resides with her naive pilot husband Tom. While he's away flying in tourists, she sleeps with practically everybody including a husband and his wife, and even her biker brother. However, the only one she won't bed is her brother's friend... who is Black.",49.0199,/9KMZWDA3xTrlgrScqdMisINQmsh.jpg,1968-10-15,False,False,5.529,105
64,False,/iZLqwEwUViJdSkGVjePGhxYzbDb.jpg,"[878, 53]",755898,War of the Worlds,en,War of the Worlds,"Will Radford is a top analyst for Homeland Security who tracks potential threats through a mass surveillance program, until one day an attack by an unknown entity leads him to question whether the government is hiding something from him... and from the rest of the world.",66.1587,/yvirUYrva23IudARHn3mMGVxWqM.jpg,2025-07-29,False,False,4.084,1047
65,False,/9nzfyiYbmTUXWC4B2kwjl4NAlqO.jpg,"[28, 53]",1318447,Apex,en,Apex,A grieving woman pushing her limits on a solo adventure in the Australian wild is ensnared in a twisted game with a cunning killer who thinks she's prey.,63.5931,/eTp7gSPkSF3Aw79mNx1NkBP1PZT.jpg,2026-04-24,False,False,6.862,1701
66,False,/z8mTDyKdAWjKsD0vwa7e9LTSY1j.jpg,"[53, 80, 18]",1487861,Elize: Shadows of a Woman,pt,Elize: Sombras de uma Mulher,"In this retelling of a real case, a former escort discovers her wealthy husband's infidelity and struggles to cope as betrayal poisons their marriage.",66.9419,/l3wevYWTpiZSUEM5B0Q8c21ALAD.jpg,2026-07-22,False,False,6.616,43
67,False,/y51M7Ca95sCXTCDvJaRP1uzxKbg.jpg,"[10752, 28, 36]",652,Troy,en,Troy,"In year 1250 B.C. during the late Bronze age, two emerging nations begin to clash. Paris, the Trojan prince, convinces Helen, Queen of Sparta, to leave her husband Menelaus, and sail with him back to Troy. After Menelaus finds out that his wife was taken by the Trojans, he asks his brother Agamemnon to help him get her back. Agamemnon sees this as an opportunity for power. They set off with 1,000 ships holding 50,000 Greeks to Troy.",63.2377,/a07wLy4ONfpsjnBqMwhlWTJTcm.jpg,2004-05-13,False,False,7.182,11236
68,False,/ddrLCUT8hqSlEICTTbdlFYB5q4a.jpg,"[28, 35]",1307247,OK! Madam: Bon Voyage,ko,오케이 마담 2,"A family fresh off a daring high-altitude plane rescue gets mysteriously invited onto a luxury cruise, only to find themselves trapped in a wild, unpredictable new crisis.",56.8953,/xDbrWXB9yb5aEdt4peVy8OWNP2Y.jpg,2026-08-12,False,False,0.0,0
69,False,/dqK9Hag1054tghRQSqLSfrkvQnA.jpg,"[28, 80, 53]",155,The Dark Knight,en,The Dark Knight,"Batman raises the stakes in his war on crime. With the help of Lt. Jim Gordon and District Attorney Harvey Dent, Batman sets out to dismantle the remaining criminal organizations that plague the streets. The partnership proves to be effective, but they soon find themselves prey to a reign of chaos unleashed by a rising criminal mastermind known to the terrified citizens of Gotham as the Joker.",57.5176,/qJ2tW6WMUDux911r6m7haRef0WH.jpg,2008-07-16,False,False,8.533,36185
70,False,/mDfJG3LC3Dqb67AZ52x3Z0jU0uB.jpg,"[12, 28, 878]",299536,Avengers: Infinity War,en,Avengers: Infinity War,"As the Avengers and their allies have continued to protect the world from threats too large for any one hero to handle, a new danger has emerged from the cosmic shadows: Thanos. A despot of intergalactic infamy, his goal is to collect all six Infinity Stones, artifacts of unimaginable power, and use them to inflict his twisted will on all of reality. Everything the Avengers have fought for has led up to this moment - the fate of Earth and existence itself has never been more uncertain.",59.7605,/7WsyChQLEftFiDOVTGkv3hFpyyt.jpg,2018-04-25,False,False,8.24,32371
71,False,/biwEwIkjZhMUfXzz59bpeDzwYB6.jpg,[27],1212763,Evil Dead Burn,en,Evil Dead Burn,"After her husband's abrupt death, Alice seeks solace with his remaining family — descendants of a leading researcher on demonic possession. As her in-laws transform one by one into creatures that feed on fear, she comes to discover that the vows she took in life survive even in death.",52.1033,/ztadKzIIR0ERYqpHteaPFtk7inP.jpg,2026-07-07,False,False,6.821,207
72,False,/zNriRTr0kWwyaXPzdg1EIxf0BWk.jpg,"[878, 12, 28]",1234821,Jurassic World Rebirth,en,Jurassic World Rebirth,"Five years after the events of Jurassic World Dominion, covert operations expert Zora Bennett is contracted to lead a skilled team on a top-secret mission to secure genetic material from the world's three most massive dinosaurs. When Zora's operation intersects with a civilian family whose boating expedition was capsized, they all find themselves stranded on an island where they come face-to-face with a sinister, shocking discovery that's been hidden from the world for decades.",56.3852,/1RICxzeoNCAO5NpcRMIgg1XT6fm.jpg,2025-06-23,False,False,6.276,3565
73,False,/2kQ71k6dq7DVNYuYY9ylNvRFKTv.jpg,"[53, 18, 9648]",1659155,The Truthers,es,Los creyentes,"After her mother's sudden death, Ruth returns to her hometown and reunites with her father, whose odd behavior makes her question what really happened.",52.9506,/ltuAheARdaUHbaS8lX1ZPrNOXe5.jpg,2026-07-24,False,False,5.867,15
74,False,/ikyzq678qnHtRY8ZiQJzK4hiOyW.jpg,"[53, 27]",1382832,Hungry,en,Hungry,A group of holidaymakers must fight for their lives against a rampaging hippo on the loose after becoming lost in the Louisiana swamplands.,70.0734,/4uNhvGxBDiO0mU5UhxuXBsJwKF3.jpg,2026-06-03,False,False,6.898,127
75,False,/9BBTo63ANSmhC4e6r62OJFuK2GL.jpg,"[878, 28, 12]",24428,The Avengers,en,The Avengers,"When an unexpected enemy emerges and threatens global safety and security, Nick Fury, director of the international peacekeeping agency known as S.H.I.E.L.D., finds himself in need of a team to pull the world back from the brink of disaster. Spanning the globe, a daring recruitment effort begins!",54.7596,/RYMX2wcKCBAr24UyPD7xwmjaTn.jpg,2012-04-25,False,False,8.059,38885
76,False,/7yLkJLqLfrCaQvR97AF1Gmd4nQN.jpg,[27],1631506,The Hanged Woman,es,La ahorcada,"Rosa Martín, a singer-songwriter known as La Ahorcada, takes her own life in the garden of the man she loved, Fran, who treated her as nothing more than a sexual object. The ghost of La Ahorcada remains in Fran's mansion, refusing to be ignored and determined to teach him a lesson. Her obsession will end up turning the lives of Fran and his family into a living hell.",67.5226,/j5016vxLjYd5pmXezXNHYTbsjro.jpg,2026-04-22,False,False,5.2,4
77,False,/lgotja3xMoJZbynwHfcQcJAEMWH.jpg,"[16, 12, 35, 9648, 10751]",1084242,Zootopia 2,en,Zootopia 2,"After cracking the biggest case in Zootopia's history, rookie cops Judy Hopps and Nick Wilde find themselves on the twisting trail of a great mystery when Gary De'Snake arrives and turns the animal metropolis upside down. To crack the case, Judy and Nick must go undercover to unexpected new parts of town, where their growing partnership is tested like never before.",42.6724,/oJ7g2CifqpStmoYQyaLQgEU32qO.jpg,2025-11-26,False,False,7.684,3159
78,False,/7OjUOEWRoASbsmngmS96CpYfH3C.jpg,"[27, 36]",1301310,Zombies of the Third Reich,en,Zombies of the Third Reich,"During WW2, a group of assembled allied forces are sent to a secret nuclear bunker occupied by Nazi Germany to uncover the operations of what's been occurring there. But when they discover the bunker is infested with rabid, zombie, super-humans in a nuclear testing operation gone wrong, they must destroy every last one in hopes of survival.",52.0615,/hjrgOWoruk9ea0tXaN8l2gtmkeH.jpg,2025-06-10,False,False,4.1,5
79,False,/kXXveIklCvTpJOGu16dszmZrcwD.jpg,"[36, 18]",1305672,I Know Who You Are,zh,抓特务,"On 1949 October 1, the day of the founding ceremony of the People's Republic of China, Xiao Dali enters the city and is reorganized as the director of the public security police station. He finds that primary school teacher Feng Jingbo is full of doubts. With the high vigilance of a soldier and the sense of responsibility of a public security official, Dali insists on partnering with Feng and becomes his neighbor. He then spends his whole life carrying out a nearly four-decade pursuit without regrets.",47.2045,/dzS3PxisVd9y9BrLPiFfA2MvcI8.jpg,2026-06-19,False,False,6.2,5
